{"stats":{"minecraft:used":{"minecraft:redstone_torch":5,"minecraft:oak_log":40,"minecraft:oak_trapdoor":20,"minecraft:water_bucket":8,"minecraft:netherite_shovel":280,"minecraft:dropper":7,"minecraft:dispenser":6,"minecraft:glass_bottle":4,"minecraft:rooted_dirt":3,"minecraft:redstone":2,"minecraft:chest":12,"minecraft:composter":2,"minecraft:redstone_block":8,"minecraft:quartz_stairs":2,"minecraft:item_frame":1,"minecraft:repeater":4,"minecraft:dirt":356,"minecraft:comparator":1,"minecraft:potion":12,"minecraft:hopper":12,"minecraft:mangrove_roots":1,"minecraft:white_stained_glass":111,"minecraft:carrot":1,"minecraft:white_concrete":7},"minecraft:mined":{"minecraft:mud":259,"minecraft:dirt_path":3,"minecraft:dirt":15},"minecraft:custom":{"minecraft:time_since_rest":717248,"minecraft:inspect_dropper":30,"minecraft:sprint_one_cm":32747,"minecraft:walk_one_cm":35806,"minecraft:inspect_hopper":22,"minecraft:fly_one_cm":911344,"minecraft:open_chest":39,"minecraft:crouch_one_cm":7186,"minecraft:play_time":717248,"minecraft:sneak_time":11513,"minecraft:jump":710,"minecraft:leave_game":2,"minecraft:walk_on_water_one_cm":1151,"minecraft:time_since_death":717248,"minecraft:total_world_time":717297,"minecraft:fall_one_cm":478,"minecraft:inspect_dispenser":64},"minecraft:picked_up":{"minecraft:mud":33,"minecraft:repeater":1,"minecraft:potion":32,"minecraft:stone_button":1,"minecraft:dirt":1772,"minecraft:lever":1,"minecraft:glass_bottle":1631}},"DataVersion":3080}