{"stats":{"minecraft:picked_up":{"minecraft:mud":50,"minecraft:water_bucket":1,"minecraft:potion":149,"minecraft:oak_log":2,"minecraft:wither_skeleton_skull":1,"minecraft:dirt":2651,"minecraft:white_stained_glass":2,"minecraft:oak_sign":1,"minecraft:wheat_seeds":1,"minecraft:observer":1,"minecraft:azalea":2,"minecraft:glass_bottle":6186,"minecraft:powered_rail":2,"minecraft:quartz_stairs":1,"minecraft:chest":1,"minecraft:dropper":1,"minecraft:stone_button":2,"minecraft:tnt":58,"minecraft:lever":4,"minecraft:bone_meal":64,"minecraft:birch_sign":1,"minecraft:mangrove_roots":1693,"minecraft:hopper":1,"minecraft:mangrove_button":4},"minecraft:mined":{"minecraft:mud":652,"minecraft:dirt_path":3,"minecraft:dirt":138},"minecraft:custom":{"minecraft:inspect_dropper":137,"minecraft:inspect_hopper":88,"minecraft:leave_game":11,"minecraft:time_since_death":860432,"minecraft:time_since_rest":860432,"minecraft:sprint_one_cm":46367,"minecraft:walk_one_cm":29864,"minecraft:drop":440,"minecraft:fly_one_cm":2156107,"minecraft:open_chest":35,"minecraft:crouch_one_cm":9367,"minecraft:play_time":860432,"minecraft:sneak_time":65016,"minecraft:walk_under_water_one_cm":78,"minecraft:jump":702,"minecraft:walk_on_water_one_cm":1839,"minecraft:total_world_time":861288,"minecraft:inspect_dispenser":171},"minecraft:used":{"minecraft:oak_trapdoor":6,"minecraft:water_bucket":102,"minecraft:dropper":100,"minecraft:wither_skeleton_skull":1,"minecraft:birch_planks":54,"minecraft:redstone":114,"minecraft:dispenser":74,"minecraft:powered_rail":35,"minecraft:oak_sign":3,"minecraft:mangrove_button":4,"minecraft:chest":19,"minecraft:ender_chest":1,"minecraft:stone":7,"minecraft:composter":1,"minecraft:redstone_block":120,"minecraft:quartz_stairs":2,"minecraft:white_wool":4,"minecraft:dirt":838,"minecraft:target":7,"minecraft:comparator":3,"minecraft:hopper":94,"minecraft:birch_sign":2,"minecraft:acacia_sapling":1,"minecraft:note_block":21,"minecraft:glow_lichen":13,"minecraft:redstone_torch":32,"minecraft:sticky_piston":89,"minecraft:mud":79,"minecraft:piston":152,"minecraft:lever":16,"minecraft:honey_block":9,"minecraft:packed_ice":134,"minecraft:netherite_shovel":796,"minecraft:light_gray_stained_glass":370,"minecraft:command_block":4,"minecraft:rooted_dirt":289,"minecraft:slime_block":2,"minecraft:string":1,"minecraft:stone_button":5,"minecraft:spruce_trapdoor":1,"minecraft:hopper_minecart":8,"minecraft:diorite_wall":7,"minecraft:stone_brick_stairs":14,"minecraft:barrel":2,"minecraft:repeater":78,"minecraft:redstone_lamp":2,"minecraft:iron_trapdoor":1,"minecraft:mangrove_roots":24,"minecraft:white_stained_glass":254,"minecraft:smooth_stone_slab":1,"minecraft:repeating_command_block":1,"minecraft:white_concrete":395,"minecraft:observer":222,"minecraft:cobweb":2},"minecraft:dropped":{"minecraft:water_bucket":1,"minecraft:oak_trapdoor":2,"minecraft:wheat_seeds":575,"minecraft:mangrove_roots":64,"minecraft:glass_bottle":1435,"minecraft:observer":1,"minecraft:hopper_minecart":1,"minecraft:cobweb":1,"minecraft:dirt":317,"minecraft:dropper":2,"minecraft:repeater":1,"minecraft:honey_block":1,"minecraft:quartz_stairs":2,"minecraft:hopper":1,"minecraft:white_concrete":2,"minecraft:chest":1,"minecraft:potion":79,"minecraft:barrel":1,"minecraft:mud":189,"minecraft:powered_rail":576,"minecraft:white_stained_glass":125,"minecraft:redstone":1}},"DataVersion":3080}