{"stats":{"minecraft:custom":{"minecraft:time_since_rest":871597,"minecraft:sprint_one_cm":40486,"minecraft:inspect_dropper":1,"minecraft:walk_one_cm":12077,"minecraft:drop":3,"minecraft:inspect_hopper":8,"minecraft:interact_with_crafting_table":1,"minecraft:tune_noteblock":10,"minecraft:fly_one_cm":3629956,"minecraft:crouch_one_cm":4967,"minecraft:play_time":871597,"minecraft:sneak_time":39241,"minecraft:jump":269,"minecraft:leave_game":10,"minecraft:walk_on_water_one_cm":397,"minecraft:time_since_death":871597,"minecraft:total_world_time":873111,"minecraft:inspect_dispenser":9},"minecraft:crafted":{"minecraft:muddy_mangrove_roots":1},"minecraft:dropped":{"minecraft:dirt":1,"minecraft:sticky_piston":1,"minecraft:observer":1},"minecraft:picked_up":{"minecraft:repeater":22,"minecraft:red_concrete_powder":1,"minecraft:sand":2,"minecraft:pointed_dripstone":269,"minecraft:redstone":41,"minecraft:dirt":1,"minecraft:sticky_piston":1,"minecraft:redstone_torch":1,"minecraft:observer":1,"minecraft:powered_rail":2},"minecraft:used":{"minecraft:redstone_torch":37,"minecraft:sticky_piston":353,"minecraft:piston":907,"minecraft:honey_block":69,"minecraft:mud":14,"minecraft:lever":6,"minecraft:water_bucket":55,"minecraft:crying_obsidian":27,"minecraft:dropper":10,"minecraft:command_block":10,"minecraft:jungle_fence_gate":1,"minecraft:slime_block":110,"minecraft:birch_planks":332,"minecraft:iron_block":459,"minecraft:powered_rail":19,"minecraft:rooted_dirt":21,"minecraft:dispenser":5,"minecraft:redstone":679,"minecraft:jungle_fence":1,"minecraft:stone_button":2,"minecraft:redstone_block":109,"minecraft:composter":2,"minecraft:diorite_wall":18,"minecraft:hopper_minecart":2,"minecraft:clay":26,"minecraft:oak_leaves":1,"minecraft:repeater":313,"minecraft:redstone_lamp":1,"minecraft:dirt":1026,"minecraft:sand":3,"minecraft:target":18,"minecraft:comparator":4,"minecraft:white_carpet":1,"minecraft:crafting_table":1,"minecraft:iron_trapdoor":69,"minecraft:hopper":10,"minecraft:red_concrete_powder":3,"minecraft:cobblestone_wall":81,"minecraft:white_stained_glass":166,"minecraft:repeating_command_block":2,"minecraft:note_block":68,"minecraft:white_concrete":1699,"minecraft:observer":448,"minecraft:cake":4,"minecraft:warped_planks":5,"minecraft:pointed_dripstone":84}},"DataVersion":3088}